{
    "alias": "embeddedlogin",
    "version": "1.4",
    "description": "",
    "keywords": [],
    "active": 1,
    "order": 0,
    "providers": [
        "Modules\\Embeddedlogin\\Providers\\Main"
    ],
    "aliases": {},
    "files": [],
    "requires": [],
    "global_fields":[
        {
            "separator":"Embedded Login setup",
            "title": "Facebook Config ID",
            "key":"EMBEDDED_FB_CONFIG_ID",
            "help":"Info https://www.notion.so/mobidonia/WhatsApp-Embedded-SignUp-dbcb1473ecc14a55a37ce337468ee848",
            "ftype": "input",
            "value": ""
        }
    ]
}
